6118,2
x,y
5,482
5,481
5,480
5,479
5,478
5,477
5,476
5,475
5,474
5,473
5,472
5,471
5,470
5,469
5,468
5,467
5,466
5,465
5,464
5,463
5,462
5,461
5,460
6,482
6,481
6,480
6,479
6,478
6,477
6,476
6,475
6,474
6,473
6,472
6,471
6,470
6,469
6,468
6,467
6,466
6,465
6,464
6,463
6,462
6,461
6,460
7,482
7,481
7,480
7,479
7,478
7,477
7,476
7,475
7,474
7,473
7,472
7,471
7,470
7,469
7,468
7,467
7,466
7,465
7,464
7,463
7,462
7,461
7,460
8,490
8,489
8,488
8,487
8,486
8,485
8,484
8,483
8,482
8,481
8,480
8,479
8,478
8,477
8,476
8,475
8,474
8,473
8,472
8,471
8,470
8,469
8,468
8,467
8,466
8,465
8,464
8,463
8,462
8,461
8,460
8,459
8,458
8,457
8,456
9,490
9,489
9,488
9,487
9,486
9,485
9,484
9,483
9,482
9,481
9,480
9,479
9,478
9,477
9,476
9,475
9,474
9,473
9,472
9,471
9,470
9,469
9,468
9,467
9,466
9,465
9,464
9,463
9,462
9,461
9,460
9,459
9,458
9,457
9,456
10,490
10,489
10,488
10,487
10,486
10,485
10,484
10,483
10,482
10,481
10,480
10,479
10,478
10,477
10,476
10,475
10,474
10,473
10,472
10,471
10,470
10,469
10,468
10,467
10,466
10,465
10,464
10,463
10,462
10,461
10,460
10,459
10,458
10,457
10,456
11,490
11,489
11,488
11,487
11,486
11,485
11,484
11,483
11,482
11,481
11,480
11,479
11,478
11,477
11,476
11,475
11,474
11,473
11,472
11,471
11,470
11,469
11,468
11,467
11,466
11,465
11,464
11,463
11,462
11,461
11,460
11,459
11,458
11,457
11,456
12,494
12,493
12,492
12,491
12,490
12,489
12,488
12,487
12,486
12,485
12,484
12,483
12,482
12,481
12,480
12,479
12,478
12,477
12,476
12,475
12,474
12,473
12,472
12,471
12,470
12,469
12,468
12,467
12,466
12,465
12,464
12,463
12,462
12,461
12,460
12,459
12,458
12,457
12,456
13,494
13,493
13,492
13,491
13,490
13,489
13,488
13,487
13,486
13,485
13,484
13,483
13,482
13,481
13,480
13,479
13,478
13,477
13,476
13,475
13,474
13,473
13,472
13,471
13,470
13,469
13,468
13,467
13,466
13,465
13,464
13,463
13,462
13,461
13,460
13,459
13,458
13,457
13,456
14,494
14,493
14,492
14,491
14,490
14,489
14,488
14,487
14,486
14,485
14,484
14,483
14,482
14,481
14,480
14,479
14,478
14,477
14,476
14,475
14,474
14,473
14,472
14,471
14,470
14,469
14,468
14,467
14,466
14,465
14,464
14,463
14,462
14,461
14,460
14,459
14,458
14,457
14,456
15,494
15,493
15,492
15,491
15,490
15,489
15,488
15,487
15,486
15,485
15,484
15,483
15,482
15,481
15,480
15,479
15,478
15,477
15,476
15,475
15,474
15,473
15,472
15,471
15,470
15,469
15,468
15,467
15,466
15,465
15,464
15,463
15,462
15,461
15,460
15,459
15,458
15,457
15,456
16,494
16,493
16,492
16,491
16,490
16,489
16,488
16,487
16,486
16,485
16,484
16,483
16,482
16,481
16,480
16,479
16,478
16,477
16,476
16,475
16,474
16,473
16,472
16,471
16,470
16,469
16,468
16,467
16,466
16,465
16,464
16,463
16,462
16,461
16,460
16,459
16,458
16,457
16,456
17,494
17,493
17,492
17,491
17,490
17,489
17,488
17,487
17,486
17,485
17,484
17,483
17,482
17,481
17,480
17,479
17,478
17,477
17,476
17,475
17,474
17,473
17,472
17,471
17,470
17,469
17,468
17,467
17,466
17,465
17,464
17,463
17,462
17,461
17,460
17,459
17,458
17,457
17,456
18,494
18,493
18,492
18,491
18,490
18,489
18,488
18,487
18,486
18,485
18,484
18,483
18,482
18,481
18,480
18,479
18,478
18,477
18,476
18,475
18,474
18,473
18,472
18,471
18,470
18,469
18,468
18,467
18,466
18,465
18,464
18,463
18,462
18,461
18,460
18,459
18,458
18,457
18,456
19,494
19,493
19,492
19,491
19,490
19,489
19,488
19,487
19,486
19,485
19,484
19,483
19,482
19,481
19,480
19,479
19,478
19,477
19,476
19,475
19,474
19,473
19,472
19,471
19,470
19,469
19,468
19,467
19,466
19,465
19,464
19,463
19,462
19,461
19,460
19,459
19,458
19,457
19,456
20,494
20,493
20,492
20,491
20,490
20,489
20,488
20,487
20,486
20,485
20,484
20,483
20,482
20,481
20,480
20,479
20,478
20,477
20,476
20,475
20,474
20,473
20,472
20,471
21,496
21,494
21,493
21,492
21,491
21,490
21,489
21,488
21,487
21,486
21,485
21,484
21,483
21,482
21,481
21,480
21,479
21,478
21,477
21,476
21,475
21,474
21,473
21,472
21,471
22,494
22,493
22,492
22,491
22,490
22,489
22,488
22,487
22,486
22,485
22,484
22,483
22,482
22,481
22,480
22,479
22,478
22,477
22,476
22,475
22,474
22,473
22,472
22,471
23,497
23,496
23,495
23,494
23,493
23,492
23,491
23,490
23,489
23,488
23,487
23,486
23,485
23,484
23,483
23,482
23,481
23,480
23,479
23,478
23,477
23,476
23,475
23,474
23,473
23,472
23,471
24,498
24,497
24,496
24,495
24,494
24,493
24,492
24,491
24,490
24,489
24,488
24,487
24,486
24,485
24,484
24,483
24,482
24,481
24,480
24,479
25,498
25,497
25,496
25,495
25,494
25,493
25,492
25,491
25,490
25,489
25,488
25,487
25,486
25,485
25,484
25,483
25,482
25,481
25,480
25,479
26,498
26,497
26,496
26,495
26,494
26,493
26,492
26,491
26,490
26,489
26,488
26,487
26,486
26,485
26,484
26,483
26,482
26,481
26,480
26,479
27,498
27,497
27,496
27,495
27,494
27,493
27,492
27,491
27,490
27,489
27,488
27,487
27,486
27,485
27,484
27,483
27,482
27,481
27,480
27,479
28,502
28,501
28,500
28,499
28,498
28,497
28,496
28,495
28,494
28,493
28,492
28,491
28,490
28,489
28,488
28,487
28,486
28,485
28,484
28,483
28,475
28,474
28,473
28,472
28,471
28,470
28,469
28,468
28,467
28,466
28,465
28,464
28,463
28,462
28,461
28,460
28,459
28,458
28,457
28,456
28,455
28,454
28,453
28,452
29,502
29,501
29,500
29,499
29,498
29,497
29,496
29,495
29,494
29,493
29,492
29,491
29,490
29,489
29,488
29,487
29,486
29,485
29,484
29,483
29,475
29,474
29,473
29,472
29,471
29,470
29,469
29,468
29,467
29,466
29,465
29,464
29,463
29,462
29,461
29,460
29,459
29,458
29,457
29,456
29,455
29,454
29,453
29,452
30,502
30,501
30,500
30,499
30,498
30,497
30,496
30,495
30,494
30,493
30,492
30,491
30,490
30,489
30,488
30,487
30,486
30,485
30,484
30,483
30,475
30,474
30,473
30,472
30,471
30,470
30,469
30,468
30,467
30,466
30,465
30,464
30,463
30,462
30,461
30,460
30,459
30,458
30,457
30,456
30,455
30,454
30,453
30,452
31,502
31,501
31,500
31,499
31,498
31,497
31,496
31,495
31,494
31,493
31,492
31,491
31,490
31,489
31,488
31,487
31,486
31,485
31,484
31,483
31,475
31,474
31,473
31,472
31,471
31,470
31,469
31,468
31,467
31,466
31,465
31,464
31,463
31,462
31,461
31,460
31,459
31,458
31,457
31,456
31,455
31,454
31,453
31,452
32,502
32,501
32,500
32,499
32,498
32,497
32,495
32,494
32,493
32,492
32,491
32,490
32,489
32,488
32,487
32,479
32,478
32,477
32,476
32,475
32,474
32,473
32,472
32,471
32,470
32,469
32,468
32,467
32,466
32,465
32,464
32,463
32,462
32,461
32,460
32,459
32,458
32,457
32,456
32,455
32,454
32,453
32,452
32,451
32,450
32,449
32,448
32,421
32,420
32,419
32,418
32,417
32,416
32,415
32,414
32,413
32,412
32,411
32,410
33,502
33,501
33,500
33,499
33,498
33,494
33,493
33,492
33,491
33,490
33,489
33,488
33,487
33,479
33,478
33,477
33,476
33,475
33,474
33,473
33,472
33,471
33,470
33,469
33,468
33,467
33,466
33,465
33,464
33,463
33,462
33,461
33,460
33,459
33,458
33,457
33,456
33,455
33,454
33,453
33,452
33,451
33,450
33,449
33,448
33,421
33,420
33,419
33,418
33,417
33,416
33,415
33,414
33,413
33,412
33,411
33,410
34,502
34,501
34,500
34,499
34,498
34,494
34,493
34,492
34,491
34,490
34,489
34,488
34,487
34,479
34,478
34,477
34,476
34,475
34,474
34,473
34,472
34,471
34,470
34,469
34,468
34,467
34,466
34,465
34,464
34,463
34,462
34,461
34,460
34,459
34,458
34,457
34,456
34,455
34,454
34,453
34,452
34,451
34,450
34,449
34,448
34,421
34,420
34,419
34,418
34,417
34,416
34,415
34,414
34,413
34,412
34,411
34,410
35,502
35,501
35,500
35,499
35,498
35,497
35,496
35,495
35,494
35,493
35,492
35,491
35,490
35,489
35,488
35,487
35,479
35,478
35,477
35,476
35,475
35,474
35,473
35,472
35,471
35,470
35,469
35,468
35,467
35,466
35,465
35,464
35,463
35,462
35,461
35,460
35,459
35,458
35,457
35,456
35,455
35,454
35,453
35,452
35,451
35,450
35,449
35,448
35,425
35,424
35,423
35,422
35,421
35,420
35,419
35,418
35,417
35,416
35,415
35,414
35,413
35,412
35,411
35,410
35,409
35,408
35,407
35,406
35,405
35,404
35,403
35,402
36,502
36,501
36,500
36,499
36,498
36,497
36,496
36,495
36,494
36,493
36,492
36,491
36,490
36,489
36,488
36,487
36,479
36,478
36,477
36,476
36,475
36,474
36,473
36,472
36,471
36,470
36,469
36,468
36,467
36,466
36,465
36,464
36,463
36,462
36,461
36,460
36,459
36,458
36,457
36,456
36,455
36,454
36,453
36,452
36,451
36,450
36,449
36,448
36,425
36,424
36,423
36,422
36,421
36,420
36,419
36,418
36,417
36,416
36,415
36,414
36,413
36,412
36,411
36,410
36,409
36,408
36,407
36,406
36,405
36,404
36,403
36,402
37,502
37,501
37,500
37,499
37,498
37,497
37,496
37,495
37,494
37,493
37,492
37,491
37,490
37,489
37,488
37,487
37,479
37,478
37,477
37,476
37,475
37,474
37,473
37,472
37,471
37,470
37,469
37,468
37,467
37,466
37,465
37,464
37,463
37,462
37,461
37,460
37,459
37,458
37,457
37,456
37,455
37,454
37,453
37,452
37,451
37,450
37,449
37,448
37,425
37,424
37,423
37,422
37,421
37,420
37,419
37,418
37,417
37,416
37,415
37,414
37,413
37,412
37,411
37,410
37,409
37,408
37,407
37,406
37,405
37,404
37,403
37,402
38,502
38,501
38,500
38,499
38,498
38,497
38,496
38,495
38,494
38,493
38,492
38,491
38,490
38,489
38,488
38,487
38,479
38,478
38,477
38,476
38,475
38,474
38,473
38,472
38,471
38,470
38,469
38,468
38,467
38,466
38,465
38,464
38,463
38,462
38,461
38,460
38,459
38,458
38,457
38,456
38,455
38,454
38,453
38,452
38,451
38,450
38,449
38,448
38,425
38,424
38,423
38,422
38,421
38,420
38,419
38,418
38,417
38,416
38,415
38,414
38,413
38,412
38,411
38,410
38,409
38,408
38,407
38,406
38,405
38,404
38,403
38,402
39,506
39,505
39,504
39,503
39,502
39,501
39,500
39,499
39,498
39,497
39,496
39,495
39,494
39,493
39,492
39,491
39,490
39,489
39,488
39,487
39,479
39,478
39,477
39,476
39,475
39,474
39,473
39,472
39,471
39,470
39,469
39,468
39,467
39,466
39,465
39,464
39,463
39,462
39,461
39,460
39,459
39,458
39,457
39,456
39,455
39,454
39,453
39,452
39,451
39,450
39,449
39,448
39,429
39,428
39,427
39,426
39,425
39,424
39,423
39,422
39,421
39,420
39,419
39,418
39,417
39,416
39,415
39,414
39,413
39,412
39,411
39,410
39,409
39,408
39,407
39,406
39,405
39,404
39,403
39,402
39,401
39,400
39,399
39,398
40,506
40,505
40,504
40,503
40,502
40,501
40,500
40,499
40,498
40,497
40,496
40,495
40,494
40,493
40,492
40,491
40,490
40,489
40,488
40,487
40,475
40,474
40,473
40,472
40,471
40,470
40,469
40,468
40,467
40,466
40,465
40,464
40,459
40,458
40,457
40,456
40,455
40,454
40,453
40,452
40,451
40,450
40,449
40,448
40,429
40,428
40,427
40,426
40,425
40,424
40,423
40,422
40,421
40,420
40,419
40,418
40,417
40,416
40,415
40,414
40,413
40,412
40,411
40,410
40,409
40,408
40,407
40,406
40,405
40,404
40,403
40,402
40,401
40,400
40,399
40,398
41,506
41,505
41,504
41,503
41,502
41,501
41,500
41,499
41,498
41,497
41,496
41,495
41,494
41,493
41,492
41,491
41,490
41,489
41,488
41,487
41,475
41,474
41,473
41,472
41,471
41,470
41,469
41,468
41,467
41,466
41,465
41,464
41,459
41,458
41,457
41,456
41,455
41,454
41,453
41,452
41,451
41,450
41,449
41,448
41,429
41,428
41,427
41,426
41,425
41,424
41,423
41,422
41,421
41,420
41,419
41,418
41,417
41,416
41,415
41,414
41,413
41,412
41,411
41,410
41,409
41,408
41,407
41,406
41,405
41,404
41,403
41,402
41,401
41,400
41,399
41,398
42,506
42,505
42,504
42,503
42,502
42,501
42,500
42,499
42,498
42,497
42,496
42,495
42,494
42,493
42,492
42,491
42,490
42,489
42,488
42,487
42,475
42,474
42,473
42,472
42,471
42,470
42,469
42,468
42,467
42,466
42,465
42,464
42,459
42,458
42,457
42,456
42,455
42,454
42,453
42,452
42,451
42,450
42,449
42,448
42,429
42,428
42,427
42,426
42,425
42,424
42,423
42,422
42,421
42,420
42,419
42,418
42,417
42,416
42,415
42,414
42,413
42,412
42,411
42,410
42,409
42,408
42,406
42,405
42,404
42,403
42,402
42,401
42,400
42,399
42,398
43,506
43,505
43,504
43,503
43,502
43,501
43,500
43,499
43,498
43,497
43,496
43,495
43,494
43,493
43,492
43,491
43,490
43,489
43,488
43,487
43,475
43,474
43,473
43,472
43,471
43,470
43,469
43,468
43,467
43,466
43,465
43,464
43,463
43,462
43,461
43,460
43,459
43,458
43,457
43,456
43,455
43,454
43,453
43,452
43,451
43,450
43,449
43,448
43,432
43,431
43,430
43,429
43,428
43,427
43,426
43,425
43,424
43,423
43,422
43,421
43,420
43,419
43,418
43,417
43,416
43,415
43,414
43,413
43,412
43,411
43,410
43,409
43,408
43,407
43,406
43,405
43,404
43,403
43,402
43,401
43,400
43,399
43,398
44,502
44,501
44,500
44,499
44,498
44,497
44,496
44,495
44,494
44,493
44,492
44,491
44,490
44,489
44,488
44,487
44,475
44,474
44,473
44,472
44,471
44,470
44,469
44,468
44,463
44,462
44,461
44,460
44,459
44,458
44,457
44,456
44,455
44,454
44,453
44,452
44,451
44,450
44,449
44,448
44,432
44,431
44,430
44,429
44,428
44,427
44,426
44,425
44,424
44,423
44,422
44,421
44,420
44,419
44,418
44,417
44,416
44,415
44,414
44,409
44,408
44,407
44,406
44,405
44,404
44,403
44,402
44,401
44,400
44,399
44,398
45,502
45,501
45,500
45,499
45,498
45,497
45,496
45,495
45,494
45,493
45,492
45,491
45,490
45,489
45,488
45,487
45,475
45,474
45,473
45,472
45,471
45,470
45,469
45,468
45,463
45,462
45,461
45,460
45,459
45,458
45,457
45,456
45,455
45,454
45,453
45,452
45,451
45,450
45,449
45,448
45,432
45,431
45,430
45,429
45,428
45,427
45,426
45,425
45,424
45,423
45,422
45,421
45,420
45,419
45,418
45,417
45,416
45,415
45,414
45,409
45,408
45,407
45,406
45,405
45,404
45,403
45,402
45,401
45,400
45,399
45,398
46,502
46,501
46,500
46,499
46,498
46,497
46,496
46,495
46,494
46,493
46,492
46,491
46,490
46,489
46,488
46,487
46,475
46,474
46,473
46,472
46,471
46,470
46,469
46,468
46,463
46,462
46,461
46,460
46,459
46,458
46,457
46,456
46,455
46,454
46,453
46,452
46,451
46,450
46,449
46,448
46,432
46,431
46,430
46,429
46,428
46,427
46,426
46,425
46,424
46,423
46,422
46,421
46,420
46,419
46,418
46,417
46,416
46,415
46,414
46,409
46,408
46,407
46,406
46,405
46,404
46,403
46,402
46,401
46,400
46,399
46,398
47,502
47,501
47,500
47,499
47,498
47,497
47,496
47,495
47,494
47,493
47,492
47,491
47,490
47,489
47,488
47,487
47,486
47,485
47,484
47,483
47,475
47,474
47,473
47,472
47,471
47,470
47,469
47,468
47,463
47,462
47,461
47,460
47,459
47,458
47,457
47,456
47,455
47,454
47,453
47,452
47,451
47,450
47,449
47,448
47,436
47,435
47,434
47,433
47,432
47,431
47,430
47,429
47,428
47,427
47,426
47,425
47,424
47,423
47,422
47,421
47,420
47,419
47,418
47,417
47,416
47,415
47,414
47,409
47,408
47,407
47,406
47,405
47,404
47,403
47,402
47,401
47,400
47,399
47,398
48,502
48,501
48,500
48,499
48,498
48,497
48,496
48,495
48,494
48,493
48,492
48,491
48,490
48,489
48,488
48,487
48,486
48,485
48,484
48,483
48,463
48,462
48,461
48,460
48,459
48,458
48,457
48,456
48,455
48,454
48,453
48,452
48,451
48,450
48,449
48,448
48,436
48,435
48,434
48,433
48,432
48,431
48,430
48,429
48,428
48,427
48,426
48,425
48,424
48,423
48,422
48,421
48,420
48,419
48,418
48,417
48,409
48,408
48,407
48,406
48,405
48,404
48,403
48,402
48,401
48,400
48,399
48,398
49,502
49,501
49,500
49,499
49,498
49,497
49,496
49,495
49,494
49,493
49,492
49,491
49,490
49,489
49,488
49,487
49,486
49,485
49,484
49,483
49,463
49,462
49,461
49,460
49,459
49,458
49,457
49,456
49,455
49,454
49,453
49,452
49,451
49,450
49,449
49,448
49,436
49,435
49,434
49,433
49,432
49,431
49,430
49,429
49,428
49,427
49,426
49,425
49,424
49,423
49,422
49,421
49,420
49,419
49,418
49,417
49,409
49,408
49,407
49,406
49,405
49,404
49,403
49,402
49,401
49,400
49,399
49,398
50,502
50,501
50,500
50,499
50,498
50,497
50,496
50,495
50,494
50,493
50,492
50,491
50,490
50,489
50,488
50,487
50,486
50,485
50,484
50,483
50,463
50,462
50,461
50,460
50,459
50,458
50,457
50,456
50,455
50,454
50,453
50,452
50,451
50,450
50,449
50,448
50,436
50,435
50,434
50,433
50,432
50,431
50,430
50,429
50,428
50,427
50,426
50,425
50,424
50,423
50,422
50,421
50,420
50,419
50,418
50,417
50,409
50,408
50,407
50,406
50,405
50,404
50,403
50,402
50,401
50,400
50,399
50,398
51,502
51,501
51,500
51,499
51,498
51,497
51,496
51,495
51,494
51,493
51,492
51,491
51,490
51,489
51,488
51,487
51,486
51,485
51,484
51,483
51,482
51,481
51,479
51,459
51,458
51,457
51,456
51,455
51,454
51,453
51,452
51,440
51,439
51,438
51,437
51,436
51,435
51,434
51,433
51,432
51,431
51,430
51,429
51,428
51,427
51,426
51,425
51,424
51,423
51,422
51,421
51,409
51,408
51,407
51,406
51,405
51,404
51,403
51,402
51,401
51,400
51,399
51,398
52,502
52,501
52,500
52,499
52,498
52,497
52,496
52,495
52,494
52,493
52,492
52,491
52,490
52,489
52,488
52,487
52,486
52,485
52,484
52,483
52,482
52,481
52,480
52,459
52,458
52,457
52,456
52,455
52,454
52,453
52,452
52,440
52,439
52,438
52,437
52,436
52,435
52,434
52,433
52,432
52,431
52,430
52,429
52,428
52,427
52,426
52,425
52,424
52,423
52,422
52,421
52,409
52,408
52,407
52,406
52,405
52,404
52,403
52,402
52,401
52,400
52,399
52,398
53,502
53,501
53,500
53,499
53,498
53,497
53,496
53,495
53,494
53,493
53,492
53,491
53,490
53,489
53,488
53,487
53,486
53,485
53,484
53,483
53,481
53,459
53,458
53,457
53,456
53,455
53,454
53,453
53,452
53,440
53,439
53,438
53,437
53,436
53,435
53,434
53,433
53,432
53,431
53,430
53,429
53,428
53,427
53,426
53,425
53,424
53,423
53,422
53,421
53,409
53,408
53,407
53,406
53,405
53,404
53,403
53,402
53,401
53,400
53,399
53,398
54,502
54,501
54,500
54,499
54,498
54,497
54,496
54,495
54,494
54,493
54,492
54,491
54,490
54,489
54,488
54,487
54,486
54,485
54,484
54,483
54,482
54,481
54,459
54,458
54,457
54,456
54,455
54,454
54,453
54,452
54,440
54,439
54,438
54,437
54,436
54,435
54,434
54,433
54,432
54,431
54,430
54,429
54,428
54,427
54,426
54,425
54,424
54,423
54,422
54,421
54,409
54,408
54,407
54,406
54,405
54,404
54,403
54,402
54,401
54,400
54,399
54,398
55,498
55,497
55,496
55,495
55,494
55,493
55,492
55,491
55,490
55,489
55,488
55,487
55,486
55,485
55,484
55,483
55,482
55,481
55,480
55,479
55,478
55,477
55,476
55,475
55,440
55,439
55,438
55,437
55,436
55,435
55,434
55,433
55,432
55,431
55,430
55,429
55,428
55,427
55,426
55,425
55,405
55,404
55,403
55,402
55,401
55,400
55,399
55,398
55,397
55,396
55,395
55,394
56,498
56,497
56,496
56,495
56,494
56,493
56,492
56,491
56,490
56,489
56,488
56,487
56,486
56,485
56,484
56,483
56,482
56,481
56,480
56,479
56,478
56,477
56,476
56,475
56,440
56,439
56,438
56,437
56,436
56,435
56,434
56,433
56,432
56,431
56,430
56,429
56,428
56,427
56,426
56,425
56,405
56,404
56,403
56,402
56,401
56,400
56,399
56,398
56,397
56,396
56,395
56,394
57,498
57,497
57,496
57,495
57,494
57,493
57,492
57,491
57,490
57,489
57,488
57,487
57,486
57,485
57,484
57,483
57,482
57,481
57,480
57,479
57,478
57,477
57,476
57,475
57,440
57,439
57,438
57,437
57,436
57,435
57,434
57,433
57,432
57,431
57,430
57,429
57,428
57,427
57,426
57,425
57,405
57,404
57,403
57,402
57,401
57,400
57,399
57,398
57,397
57,396
57,395
57,394
58,498
58,497
58,496
58,495
58,494
58,493
58,492
58,491
58,490
58,489
58,488
58,487
58,486
58,485
58,484
58,483
58,482
58,481
58,480
58,479
58,478
58,477
58,476
58,475
58,440
58,439
58,438
58,437
58,436
58,435
58,434
58,433
58,432
58,431
58,430
58,429
58,428
58,427
58,426
58,425
58,405
58,404
58,403
58,402
58,401
58,400
58,399
58,398
58,397
58,396
58,395
58,394
59,494
59,493
59,492
59,491
59,490
59,489
59,488
59,487
59,486
59,485
59,484
59,483
59,482
59,481
59,480
59,479
59,478
59,477
59,476
59,475
59,474
59,473
59,472
59,471
59,470
59,469
59,468
59,448
59,447
59,446
59,445
59,444
59,443
59,442
59,441
59,440
59,439
59,438
59,437
59,436
59,435
59,434
59,433
59,432
59,431
59,430
59,429
59,425
59,424
59,423
59,422
59,421
59,420
59,419
59,418
59,417
59,409
59,408
59,407
59,406
59,405
59,404
59,403
59,402
59,401
59,400
59,399
59,398
59,397
59,396
59,395
59,394
60,494
60,493
60,492
60,491
60,490
60,489
60,488
60,487
60,486
60,485
60,484
60,483
60,482
60,481
60,480
60,479
60,478
60,477
60,476
60,475
60,474
60,473
60,472
60,471
60,470
60,469
60,468
60,448
60,447
60,446
60,445
60,444
60,443
60,442
60,441
60,440
60,439
60,438
60,437
60,436
60,435
60,434
60,433
60,432
60,431
60,430
60,429
60,425
60,424
60,423
60,422
60,421
60,420
60,419
60,418
60,417
60,409
60,408
60,407
60,406
60,405
60,404
60,403
60,402
60,401
60,400
60,399
60,398
60,397
60,396
60,395
60,394
61,494
61,493
61,492
61,491
61,490
61,489
61,488
61,487
61,486
61,485
61,484
61,483
61,482
61,481
61,480
61,479
61,478
61,477
61,476
61,475
61,474
61,473
61,472
61,471
61,470
61,469
61,468
61,448
61,447
61,446
61,445
61,444
61,443
61,442
61,441
61,440
61,439
61,438
61,437
61,436
61,435
61,434
61,433
61,432
61,431
61,430
61,429
61,425
61,424
61,423
61,422
61,421
61,420
61,419
61,418
61,417
61,409
61,408
61,407
61,406
61,405
61,404
61,403
61,402
61,401
61,400
61,399
61,398
61,397
61,396
61,395
61,394
62,494
62,493
62,492
62,491
62,490
62,489
62,488
62,487
62,486
62,485
62,484
62,483
62,482
62,481
62,480
62,479
62,478
62,477
62,476
62,475
62,474
62,473
62,472
62,471
62,470
62,469
62,468
62,467
62,466
62,465
62,464
62,463
62,462
62,461
62,460
62,459
62,458
62,457
62,456
62,455
62,454
62,453
62,452
62,451
62,450
62,449
62,448
62,447
62,446
62,445
62,444
62,443
62,442
62,441
62,440
62,439
62,438
62,437
62,436
62,435
62,434
62,433
62,432
62,431
62,430
62,429
62,425
62,424
62,423
62,422
62,421
62,420
62,419
62,418
62,417
62,416
62,415
62,414
62,409
62,408
62,407
62,406
62,405
62,404
62,403
62,402
62,401
62,400
62,399
62,398
62,397
62,396
62,395
62,394
63,494
63,493
63,492
63,491
63,490
63,489
63,488
63,487
63,486
63,485
63,484
63,483
63,482
63,481
63,480
63,479
63,478
63,477
63,476
63,475
63,474
63,473
63,472
63,471
63,470
63,469
63,468
63,467
63,466
63,465
63,464
63,463
63,462
63,461
63,460
63,459
63,458
63,457
63,456
63,455
63,454
63,453
63,452
63,451
63,450
63,449
63,448
63,447
63,446
63,445
63,444
63,443
63,442
63,441
63,440
63,439
63,438
63,437
63,436
63,435
63,434
63,433
63,425
63,424
63,423
63,422
63,421
63,420
63,419
63,418
63,417
63,416
63,415
63,414
63,409
63,408
63,407
63,406
63,405
63,404
63,403
63,402
63,401
63,400
63,399
63,398
63,397
63,396
63,395
63,394
64,494
64,493
64,492
64,491
64,490
64,489
64,488
64,487
64,486
64,485
64,484
64,483
64,482
64,481
64,480
64,479
64,478
64,477
64,476
64,475
64,474
64,473
64,472
64,471
64,470
64,469
64,468
64,467
64,466
64,465
64,464
64,463
64,462
64,461
64,460
64,459
64,458
64,457
64,456
64,455
64,454
64,453
64,452
64,451
64,450
64,449
64,448
64,447
64,446
64,445
64,444
64,443
64,442
64,441
64,440
64,439
64,438
64,437
64,436
64,435
64,434
64,433
64,425
64,424
64,423
64,422
64,421
64,420
64,419
64,418
64,417
64,416
64,415
64,414
64,409
64,408
64,407
64,406
64,405
64,404
64,403
64,402
64,401
64,400
64,399
64,398
64,397
64,396
64,395
64,394
65,494
65,493
65,492
65,491
65,490
65,489
65,488
65,487
65,486
65,485
65,484
65,483
65,482
65,481
65,480
65,479
65,478
65,477
65,476
65,475
65,474
65,473
65,472
65,471
65,470
65,469
65,468
65,467
65,466
65,465
65,464
65,463
65,462
65,461
65,460
65,459
65,458
65,457
65,456
65,455
65,454
65,453
65,452
65,451
65,450
65,449
65,448
65,447
65,446
65,445
65,444
65,443
65,442
65,441
65,440
65,439
65,438
65,437
65,436
65,435
65,434
65,433
65,425
65,424
65,423
65,422
65,421
65,420
65,419
65,418
65,417
65,416
65,415
65,414
65,409
65,408
65,407
65,406
65,405
65,404
65,403
65,402
65,401
65,400
65,399
65,398
65,397
65,396
65,395
65,394
66,494
66,493
66,492
66,491
66,490
66,489
66,488
66,487
66,486
66,485
66,484
66,483
66,482
66,481
66,480
66,479
66,478
66,477
66,476
66,475
66,474
66,473
66,472
66,471
66,470
66,469
66,468
66,467
66,466
66,465
66,464
66,463
66,462
66,461
66,460
66,459
66,458
66,457
66,456
66,455
66,454
66,453
66,452
66,451
66,450
66,449
66,448
66,447
66,446
66,445
66,444
66,443
66,442
66,441
66,440
66,439
66,438
66,437
66,436
66,435
66,434
66,433
66,429
66,428
66,427
66,426
66,425
66,424
66,423
66,422
66,421
66,420
66,419
66,418
66,417
66,416
66,415
66,414
66,409
66,408
66,407
66,406
66,405
66,404
66,403
66,402
66,401
66,400
66,399
66,398
66,397
66,396
66,395
66,394
67,486
67,485
67,484
67,483
67,482
67,481
67,480
67,479
67,478
67,477
67,476
67,475
67,474
67,473
67,472
67,471
67,470
67,469
67,468
67,467
67,466
67,465
67,464
67,463
67,462
67,461
67,460
67,459
67,458
67,457
67,456
67,455
67,454
67,453
67,452
67,451
67,450
67,449
67,448
67,447
67,446
67,445
67,444
67,443
67,442
67,441
67,440
67,439
67,438
67,437
67,429
67,428
67,427
67,426
67,425
67,424
67,423
67,422
67,421
67,420
67,419
67,418
67,417
67,409
67,408
67,407
67,406
67,405
67,404
67,403
67,402
67,401
67,400
67,399
67,398
67,397
67,396
67,395
67,394
68,486
68,485
68,484
68,483
68,482
68,481
68,480
68,479
68,478
68,477
68,476
68,475
68,474
68,473
68,472
68,471
68,470
68,469
68,468
68,467
68,466
68,465
68,464
68,463
68,462
68,461
68,460
68,459
68,458
68,457
68,456
68,455
68,454
68,453
68,452
68,451
68,450
68,449
68,448
68,447
68,446
68,445
68,444
68,443
68,442
68,441
68,440
68,439
68,438
68,437
68,429
68,428
68,427
68,426
68,425
68,424
68,423
68,422
68,421
68,420
68,419
68,418
68,417
68,409
68,408
68,407
68,406
68,405
68,404
68,403
68,402
68,401
68,400
68,399
68,398
68,397
68,396
68,395
68,394
69,486
69,485
69,484
69,483
69,482
69,481
69,480
69,479
69,478
69,477
69,476
69,475
69,474
69,473
69,472
69,471
69,470
69,469
69,468
69,467
69,466
69,465
69,464
69,463
69,462
69,461
69,460
69,459
69,458
69,457
69,456
69,455
69,454
69,453
69,452
69,451
69,450
69,449
69,448
69,447
69,446
69,445
69,444
69,443
69,442
69,441
69,440
69,439
69,438
69,437
69,429
69,428
69,427
69,426
69,425
69,424
69,423
69,422
69,421
69,420
69,419
69,418
69,417
69,409
69,408
69,407
69,406
69,405
69,404
69,403
69,402
69,401
69,400
69,399
69,398
69,397
69,396
69,395
69,394
70,486
70,485
70,484
70,483
70,482
70,481
70,480
70,479
70,478
70,477
70,476
70,475
70,474
70,473
70,472
70,471
70,470
70,469
70,468
70,467
70,466
70,465
70,464
70,463
70,462
70,461
70,460
70,459
70,458
70,457
70,456
70,455
70,454
70,453
70,452
70,451
70,450
70,449
70,448
70,447
70,446
70,445
70,444
70,443
70,442
70,441
70,440
70,439
70,438
70,437
70,432
70,431
70,430
70,429
70,428
70,427
70,426
70,425
70,424
70,423
70,422
70,421
70,420
70,419
70,418
70,417
70,413
70,412
70,411
70,410
70,409
70,408
70,407
70,406
70,405
70,404
70,403
70,402
70,401
70,400
70,399
70,398
70,397
70,396
70,395
70,394
71,482
71,481
71,480
71,479
71,478
71,477
71,476
71,475
71,474
71,473
71,472
71,471
71,470
71,469
71,468
71,467
71,466
71,465
71,464
71,463
71,462
71,461
71,460
71,459
71,458
71,457
71,456
71,455
71,454
71,453
71,452
71,451
71,450
71,449
71,448
71,447
71,446
71,445
71,444
71,443
71,442
71,441
71,432
71,431
71,430
71,429
71,428
71,427
71,426
71,425
71,424
71,423
71,422
71,421
71,420
71,419
71,418
71,417
71,413
71,412
71,411
71,410
71,409
71,408
71,407
71,406
71,405
71,404
71,403
71,402
71,401
71,400
71,399
71,398
72,482
72,481
72,480
72,479
72,478
72,477
72,476
72,475
72,474
72,473
72,472
72,471
72,470
72,469
72,468
72,467
72,466
72,465
72,464
72,463
72,462
72,461
72,460
72,459
72,458
72,457
72,456
72,455
72,454
72,453
72,452
72,451
72,450
72,449
72,448
72,447
72,446
72,445
72,444
72,443
72,442
72,441
72,432
72,431
72,430
72,429
72,428
72,427
72,426
72,425
72,424
72,423
72,422
72,421
72,420
72,419
72,418
72,417
72,413
72,412
72,411
72,410
72,409
72,408
72,407
72,406
72,405
72,404
72,403
72,402
72,401
72,400
72,399
72,398
73,482
73,481
73,480
73,479
73,478
73,477
73,476
73,475
73,474
73,473
73,472
73,471
73,470
73,469
73,468
73,467
73,466
73,465
73,464
73,463
73,462
73,461
73,460
73,459
73,458
73,457
73,456
73,455
73,454
73,453
73,452
73,451
73,450
73,449
73,448
73,447
73,446
73,445
73,444
73,443
73,442
73,441
73,432
73,431
73,430
73,429
73,428
73,427
73,426
73,425
73,424
73,423
73,422
73,421
73,420
73,419
73,418
73,417
73,413
73,412
73,411
73,410
73,409
73,408
73,407
73,406
73,405
73,404
73,403
73,402
73,401
73,400
73,399
73,398
74,482
74,481
74,480
74,479
74,478
74,477
74,476
74,475
74,474
74,473
74,472
74,471
74,470
74,469
74,468
74,467
74,466
74,465
74,464
74,463
74,462
74,461
74,460
74,459
74,458
74,457
74,456
74,455
74,454
74,453
74,452
74,451
74,450
74,449
74,448
74,447
74,446
74,445
74,444
74,443
74,442
74,441
74,432
74,431
74,430
74,429
74,428
74,427
74,426
74,425
74,424
74,423
74,422
74,421
74,420
74,419
74,418
74,417
74,416
74,415
74,414
74,413
74,412
74,411
74,410
74,409
74,408
74,407
74,406
74,405
74,404
74,403
74,402
74,401
74,400
74,399
74,398
75,471
75,470
75,469
75,468
75,467
75,466
75,465
75,464
75,463
75,462
75,461
75,460
75,459
75,458
75,457
75,456
75,455
75,454
75,453
75,452
75,451
75,450
75,449
75,448
75,447
75,446
75,445
75,444
75,432
75,431
75,430
75,429
75,428
75,427
75,426
75,425
75,424
75,423
75,422
75,421
75,417
75,416
75,415
75,414
75,413
75,412
75,411
75,410
75,409
75,408
75,407
75,406
75,405
75,404
75,403
75,402
75,401
75,400
75,399
75,398
76,471
76,470
76,469
76,468
76,467
76,466
76,465
76,464
76,463
76,462
76,461
76,460
76,459
76,458
76,457
76,456
76,455
76,454
76,453
76,452
76,451
76,450
76,449
76,448
76,447
76,446
76,445
76,444
76,432
76,431
76,430
76,429
76,428
76,427
76,426
76,425
76,424
76,423
76,422
76,421
76,417
76,416
76,415
76,414
76,413
76,412
76,411
76,410
76,409
76,408
76,407
76,406
76,405
76,404
76,403
76,402
76,401
76,400
76,399
76,398
77,471
77,470
77,469
77,468
77,467
77,466
77,465
77,464
77,463
77,462
77,461
77,460
77,459
77,458
77,457
77,456
77,455
77,454
77,453
77,452
77,451
77,450
77,449
77,448
77,447
77,446
77,445
77,444
77,432
77,431
77,430
77,429
77,428
77,427
77,426
77,425
77,424
77,423
77,422
77,421
77,417
77,416
77,415
77,414
77,413
77,412
77,411
77,410
77,409
77,408
77,407
77,406
77,405
77,404
77,403
77,402
77,401
77,400
77,399
77,398
78,436
78,435
78,434
78,433
78,432
78,431
78,430
78,429
78,428
78,427
78,426
78,425
78,421
78,420
78,419
78,418
78,417
78,416
78,415
78,414
78,413
78,412
78,411
78,410
78,409
78,408
78,407
78,406
78,405
78,404
78,403
78,402
78,401
78,400
78,399
78,398
79,436
79,435
79,434
79,433
79,432
79,431
79,430
79,429
79,428
79,427
79,426
79,425
79,421
79,420
79,419
79,418
79,417
79,416
79,415
79,414
79,413
79,412
79,411
79,410
79,409
79,408
79,407
79,406
79,405
79,404
79,403
79,402
79,401
79,400
79,399
79,398
80,436
80,435
80,434
80,433
80,432
80,431
80,430
80,429
80,428
80,427
80,426
80,425
80,421
80,420
80,419
80,418
80,417
80,416
80,415
80,414
80,413
80,412
80,411
80,410
80,409
80,408
80,407
80,406
80,405
80,404
80,403
80,402
80,401
80,400
80,399
80,398
81,436
81,435
81,434
81,433
81,432
81,431
81,430
81,429
81,428
81,427
81,426
81,425
81,421
81,420
81,419
81,418
81,417
81,416
81,415
81,414
81,413
81,412
81,411
81,410
81,409
81,408
81,407
81,406
81,405
81,404
81,403
81,402
81,401
81,400
81,399
81,398
82,440
82,439
82,438
82,437
82,436
82,435
82,434
82,433
82,432
82,431
82,430
82,429
82,425
82,424
82,423
82,422
82,421
82,420
82,419
82,418
82,417
82,416
82,415
82,414
82,413
82,412
82,411
82,410
82,409
82,408
82,407
82,406
82,405
82,404
82,403
82,402
83,440
83,439
83,438
83,437
83,436
83,435
83,434
83,433
83,432
83,431
83,430
83,429
83,425
83,424
83,423
83,422
83,421
83,420
83,419
83,418
83,417
83,416
83,415
83,414
83,413
83,412
83,411
83,410
83,409
83,408
83,407
83,406
83,405
83,404
83,403
83,402
84,440
84,439
84,438
84,437
84,436
84,435
84,434
84,433
84,432
84,431
84,430
84,429
84,425
84,424
84,423
84,422
84,421
84,420
84,419
84,418
84,417
84,416
84,415
84,414
84,413
84,412
84,411
84,410
84,409
84,408
84,407
84,406
84,405
84,404
84,403
84,402
85,440
85,439
85,438
85,437
85,436
85,435
85,434
85,433
85,432
85,431
85,430
85,429
85,425
85,424
85,423
85,422
85,421
85,420
85,419
85,418
85,417
85,416
85,415
85,414
85,413
85,412
85,411
85,410
85,409
85,408
85,407
85,406
85,405
85,404
85,403
85,402
86,444
86,443
86,442
86,441
86,440
86,439
86,438
86,437
86,436
86,435
86,434
86,433
86,425
86,424
86,423
86,422
86,421
86,420
86,419
86,418
86,417
86,416
86,415
86,414
86,413
86,412
86,411
86,410
86,409
86,408
86,407
86,406
86,405
86,404
86,403
86,402
87,444
87,443
87,442
87,441
87,440
87,439
87,438
87,437
87,436
87,435
87,434
87,433
87,425
87,424
87,423
87,422
87,421
87,420
87,419
87,418
87,417
87,416
87,415
87,414
87,413
87,412
87,411
87,410
87,409
87,408
87,407
87,406
87,405
87,404
87,403
87,402
88,444
88,443
88,442
88,441
88,440
88,439
88,438
88,437
88,436
88,435
88,434
88,433
88,425
88,424
88,423
88,422
88,421
88,420
88,419
88,418
88,417
88,416
88,415
88,414
88,413
88,412
88,411
88,410
88,409
88,408
88,407
88,406
88,405
88,404
88,403
88,402
89,444
89,443
89,442
89,441
89,440
89,439
89,438
89,437
89,436
89,435
89,434
89,433
89,425
89,424
89,423
89,422
89,421
89,420
89,419
89,418
89,417
89,416
89,415
89,414
89,413
89,412
89,411
89,410
89,409
89,408
89,407
89,406
89,405
89,404
89,403
89,402
90,471
90,470
90,469
90,468
90,467
90,466
90,465
90,464
90,463
90,462
90,461
90,460
90,444
90,443
90,442
90,441
90,440
90,439
90,438
90,437
90,436
90,435
90,434
90,433
90,425
90,424
90,423
90,422
90,421
90,420
90,419
90,418
90,417
90,416
90,415
90,414
90,413
90,412
90,411
90,410
90,409
90,408
90,407
90,406
91,471
91,470
91,469
91,468
91,467
91,466
91,465
91,464
91,463
91,462
91,460
91,444
91,443
91,442
91,441
91,440
91,439
91,438
91,437
91,436
91,435
91,434
91,433
91,425
91,424
91,423
91,422
91,421
91,420
91,419
91,418
91,417
91,416
91,415
91,414
91,413
91,412
91,411
91,410
91,409
91,408
91,407
91,406
92,471
92,470
92,469
92,468
92,467
92,466
92,465
92,464
92,463
92,462
92,461
92,460
92,444
92,443
92,442
92,441
92,440
92,439
92,438
92,437
92,436
92,435
92,434
92,433
92,425
92,424
92,423
92,422
92,421
92,420
92,419
92,418
92,417
92,416
92,415
92,414
92,413
92,412
92,411
92,410
92,409
92,408
92,407
92,406
93,479
93,478
93,477
93,476
93,475
93,474
93,473
93,472
93,471
93,470
93,469
93,468
93,467
93,466
93,465
93,464
93,463
93,462
93,461
93,460
93,444
93,443
93,442
93,441
93,440
93,439
93,438
93,437
93,436
93,435
93,434
93,433
93,425
93,424
93,423
93,422
93,421
93,420
93,419
93,418
93,417
93,416
93,415
93,414
93,413
93,412
93,411
93,410
93,409
93,408
93,407
93,406
94,479
94,478
94,477
94,476
94,475
94,474
94,473
94,472
94,471
94,470
94,469
94,468
94,467
94,466
94,465
94,464
94,463
94,462
94,460
94,444
94,443
94,442
94,441
94,440
94,439
94,438
94,437
94,436
94,435
94,434
94,433
94,425
94,424
94,423
94,422
94,421
94,420
94,419
94,418
94,417
94,416
94,415
94,414
95,479
95,478
95,477
95,476
95,475
95,474
95,473
95,472
95,471
95,470
95,469
95,468
95,467
95,466
95,465
95,464
95,463
95,462
95,461
95,460
95,444
95,443
95,442
95,441
95,440
95,439
95,438
95,437
95,436
95,435
95,434
95,433
95,425
95,424
95,423
95,422
95,421
95,420
95,419
95,418
95,417
95,416
95,415
95,414
96,479
96,478
96,477
96,476
96,475
96,474
96,473
96,472
96,471
96,470
96,469
96,468
96,467
96,466
96,465
96,464
96,463
96,462
96,461
96,460
96,444
96,443
96,442
96,441
96,440
96,439
96,438
96,437
96,436
96,435
96,434
96,433
96,425
96,424
96,423
96,422
96,421
96,420
96,419
96,418
96,417
96,416
96,415
96,414
97,486
97,485
97,483
97,482
97,481
97,480
97,479
97,478
97,477
97,476
97,475
97,474
97,473
97,472
97,471
97,470
97,469
97,468
97,467
97,466
97,465
97,464
97,462
97,461
97,460
97,444
97,443
97,442
97,441
97,440
97,439
97,438
97,437
97,436
97,435
97,434
97,433
97,425
97,424
97,423
97,422
97,421
97,420
97,419
97,418
97,417
97,416
97,415
97,414
98,486
98,485
98,484
98,483
98,482
98,481
98,480
98,479
98,478
98,477
98,476
98,475
98,474
98,473
98,472
98,471
98,470
98,469
98,468
98,467
98,466
98,465
98,464
98,444
98,443
98,442
98,441
98,440
98,439
98,438
98,437
98,436
98,435
98,434
98,433
99,486
99,485
99,484
99,483
99,482
99,481
99,480
99,479
99,478
99,477
99,476
99,475
99,474
99,473
99,472
99,471
99,470
99,469
99,468
99,467
99,466
99,465
99,464
99,444
99,443
99,442
99,441
99,440
99,439
99,438
99,437
99,436
99,435
99,434
99,433
100,486
100,485
100,484
100,483
100,482
100,481
100,480
100,479
100,478
100,477
100,476
100,475
100,474
100,473
100,472
100,471
100,470
100,469
100,468
100,467
100,466
100,465
100,464
100,444
100,443
100,442
100,441
100,440
100,439
100,438
100,437
100,436
100,435
100,434
100,433
101,490
101,489
101,488
101,487
101,486
101,485
101,484
101,483
101,482
101,481
101,480
101,479
101,478
101,477
101,476
101,475
101,474
101,473
101,472
101,471
101,470
101,469
101,468
101,467
101,466
101,465
101,464
101,444
101,443
101,442
101,441
101,440
101,439
101,438
101,437
101,436
101,435
101,434
101,433
101,432
101,431
101,430
101,429
102,490
102,489
102,488
102,487
102,486
102,485
102,484
102,483
102,482
102,481
102,480
102,479
102,478
102,477
102,476
102,475
102,474
102,473
102,472
102,471
102,470
102,469
102,468
102,444
102,443
102,442
102,441
102,440
102,439
102,438
102,437
102,436
102,435
102,434
102,433
102,432
102,431
102,430
102,429
103,490
103,489
103,488
103,487
103,486
103,485
103,484
103,483
103,482
103,481
103,480
103,479
103,478
103,477
103,476
103,475
103,474
103,473
103,472
103,471
103,470
103,469
103,468
103,444
103,443
103,442
103,441
103,440
103,439
103,438
103,437
103,436
103,435
103,434
103,433
103,432
103,431
103,430
103,429
104,490
104,489
104,488
104,487
104,486
104,485
104,484
104,483
104,482
104,481
104,480
104,479
104,478
104,477
104,476
104,475
104,474
104,473
104,472
104,471
104,470
104,469
104,468
104,444
104,443
104,442
104,441
104,440
104,439
104,438
104,437
104,436
104,435
104,434
104,433
104,432
104,431
104,430
104,429
105,490
105,489
105,488
105,487
105,486
105,485
105,484
105,483
105,482
105,481
105,480
105,479
105,478
105,477
105,476
105,475
105,474
105,473
105,472
105,471
105,470
105,469
105,468
105,444
105,443
105,442
105,441
105,440
105,439
105,438
105,437
105,436
105,435
105,434
105,433
105,432
105,431
105,430
105,429
106,490
106,489
106,488
106,487
106,486
106,485
106,484
106,483
106,482
106,481
106,480
106,479
106,478
106,477
106,476
106,475
106,440
106,439
106,438
106,437
106,436
106,435
106,434
106,433
106,432
106,431
106,430
106,429
107,490
107,489
107,488
107,487
107,486
107,485
107,484
107,483
107,482
107,481
107,480
107,479
107,478
107,477
107,476
107,475
107,440
107,439
107,438
107,437
107,436
107,435
107,434
107,433
107,432
107,431
107,430
107,429
108,490
108,489
108,488
108,487
108,486
108,485
108,484
108,483
108,482
108,481
108,480
108,479
108,478
108,477
108,476
108,475
108,440
108,439
108,438
108,437
108,436
108,435
108,434
108,433
108,432
108,431
108,430
108,429
109,482
109,481
109,480
109,479
109,478
109,477
109,476
109,475
109,474
109,473
109,472
109,471
109,470
109,469
109,468
109,440
109,439
109,438
109,437
109,436
109,435
109,434
109,433
109,432
109,431
109,430
109,429
109,428
109,427
109,426
109,425
110,482
110,481
110,480
110,479
110,478
110,477
110,476
110,475
110,474
110,473
110,472
110,471
110,470
110,469
110,468
110,440
110,439
110,438
110,437
110,436
110,435
110,434
110,433
110,432
110,431
110,430
110,429
110,428
110,427
110,426
110,425
111,482
111,481
111,480
111,479
111,478
111,477
111,476
111,475
111,474
111,473
111,472
111,471
111,470
111,469
111,468
111,440
111,439
111,438
111,437
111,436
111,435
111,434
111,433
111,432
111,431
111,430
111,429
111,428
111,427
111,426
111,425
112,482
112,481
112,480
112,479
112,478
112,477
112,476
112,475
112,474
112,473
112,472
112,471
112,470
112,469
112,468
112,440
112,439
112,438
112,437
112,436
112,435
112,434
112,433
112,432
112,431
112,430
112,429
112,428
112,427
112,426
112,425
113,482
113,481
113,480
113,479
113,478
113,477
113,476
113,475
113,474
113,473
113,472
113,471
113,470
113,469
113,468
113,467
113,466
113,465
113,464
113,436
113,435
113,434
113,433
113,432
113,431
113,430
113,429
113,428
113,427
113,426
113,425
114,482
114,481
114,480
114,479
114,478
114,477
114,476
114,475
114,474
114,473
114,472
114,471
114,470
114,469
114,468
114,467
114,466
114,465
114,464
114,436
114,435
114,434
114,433
114,432
114,431
114,430
114,429
114,428
114,427
114,426
114,425
115,482
115,481
115,480
115,479
115,478
115,477
115,476
115,475
115,474
115,473
115,472
115,471
115,470
115,469
115,468
115,467
115,466
115,465
115,464
115,436
115,435
115,434
115,433
115,432
115,431
115,430
115,429
115,428
115,427
115,426
115,425
116,482
116,481
116,480
116,479
116,478
116,477
116,476
116,475
116,474
116,473
116,472
116,471
116,470
116,469
116,468
116,467
116,466
116,465
116,464
116,436
116,435
116,434
116,433
116,432
116,431
116,430
116,429
116,428
116,427
116,426
116,425
117,475
117,474
117,473
117,472
117,471
117,470
117,469
117,468
117,467
117,466
117,465
117,464
117,432
117,431
117,430
117,429
117,428
117,427
117,426
117,425
117,424
117,423
117,422
117,421
118,475
118,474
118,473
118,472
118,471
118,470
118,469
118,468
118,467
118,466
118,465
118,464
118,432
118,431
118,430
118,429
118,428
118,427
118,426
118,425
118,424
118,423
118,422
118,421
119,475
119,474
119,473
119,472
119,471
119,470
119,469
119,468
119,467
119,466
119,465
119,464
119,432
119,431
119,430
119,429
119,428
119,427
119,426
119,425
119,424
119,423
119,422
119,421
120,475
120,474
120,473
120,472
120,471
120,470
120,469
120,468
120,467
120,466
120,465
120,464
120,455
120,454
120,453
120,452
120,451
120,450
120,449
120,448
120,447
120,446
120,445
120,444
120,440
120,439
120,438
120,437
120,436
120,435
120,434
120,433
120,432
120,431
120,430
120,429
120,428
120,427
120,426
120,425
120,424
120,423
120,422
120,421
121,471
121,470
121,469
121,468
121,467
121,466
121,465
121,464
121,455
121,454
121,453
121,452
121,451
121,450
121,449
121,448
121,447
121,446
121,445
121,444
121,440
121,439
121,438
121,437
121,436
121,435
121,434
121,433
121,432
121,431
121,430
121,429
121,428
121,427
121,426
121,425
121,424
121,423
121,422
121,421
122,471
122,470
122,469
122,468
122,467
122,466
122,465
122,464
122,455
122,454
122,453
122,452
122,451
122,450
122,449
122,448
122,447
122,446
122,445
122,444
122,440
122,439
122,438
122,437
122,436
122,435
122,434
122,433
122,432
122,431
122,430
122,429
122,428
122,427
122,426
122,425
122,424
122,423
122,422
122,421
123,471
123,470
123,469
123,468
123,467
123,466
123,465
123,464
123,455
123,454
123,453
123,452
123,451
123,450
123,449
123,448
123,447
123,446
123,445
123,444
123,440
123,439
123,438
123,437
123,436
123,435
123,434
123,433
123,432
123,431
123,430
123,429
123,428
123,427
123,426
123,425
123,424
123,423
123,422
123,421
124,471
124,470
124,469
124,468
124,467
124,466
124,465
124,464
124,455
124,454
124,453
124,452
124,451
124,450
124,449
124,448
124,447
124,446
124,445
124,444
124,443
124,442
124,441
124,440
124,439
124,438
124,437
124,436
124,435
124,434
124,433
124,432
124,431
124,430
124,429
124,428
124,427
124,426
124,425
124,424
124,423
124,422
124,421
125,455
125,454
125,453
125,452
125,451
125,450
125,449
125,448
125,447
125,446
125,445
125,444
125,443
125,442
125,441
125,440
125,439
125,438
125,437
125,436
125,435
125,434
125,433
125,432
125,431
125,430
125,429
125,428
125,427
125,426
125,425
125,424
125,423
125,422
125,421
126,455
126,454
126,453
126,452
126,451
126,450
126,449
126,448
126,447
126,446
126,445
126,444
126,443
126,442
126,441
126,440
126,439
126,438
126,437
126,436
126,435
126,434
126,433
126,432
126,431
126,430
126,429
126,428
126,427
126,426
126,425
126,424
126,423
126,422
126,421
127,455
127,454
127,453
127,452
127,451
127,450
127,449
127,448
127,447
127,446
127,445
127,444
127,443
127,442
127,441
127,440
127,439
127,438
127,437
127,436
127,435
127,434
127,433
127,432
127,431
127,430
127,429
127,428
127,427
127,426
127,425
127,424
127,423
127,422
128,455
128,454
128,453
128,452
128,451
128,450
128,449
128,448
128,447
128,446
128,445
128,444
128,443
128,442
128,441
128,440
128,439
128,438
128,437
128,436
128,435
128,434
128,433
128,432
128,431
128,430
128,429
128,428
128,427
128,426
128,425
128,424
128,423
128,422
128,421
129,455
129,454
129,453
129,452
129,451
129,450
129,449
129,448
129,447
129,446
129,445
129,444
129,443
129,442
129,441
129,440
129,439
129,438
129,437
129,436
129,435
129,434
129,433
129,432
129,431
129,430
129,429
130,455
130,454
130,453
130,452
130,451
130,450
130,449
130,448
130,447
130,446
130,445
130,444
130,443
130,442
130,441
130,440
130,439
130,438
130,437
130,436
130,435
130,434
130,433
130,432
130,431
130,430
130,429
131,455
131,454
131,453
131,452
131,451
131,450
131,449
131,448
131,447
131,446
131,445
131,444
131,443
131,442
131,441
131,440
131,439
131,438
131,437
131,436
131,435
131,434
131,433
131,432
131,431
131,430
131,429
132,455
132,454
132,453
132,452
132,451
132,450
132,449
132,448
132,447
132,446
132,445
132,444
132,443
132,442
132,441
132,440
132,439
132,438
132,437
132,436
132,435
132,434
132,433
132,432
132,431
132,430
132,429